d7caa581-4d49-45a2-96e1-322e44f08ad1,11751,Абрамов Зиновий Данилович,Абрамов Зиновий Данилович,Mali,+7(495)559-98-09
473ac6b9-8889-4df6-a7f6-b93fac2c170a,30193,Афанасьев Олег Семёнович,Афанасьев Олег Семёнович,Giok,+7(495)150-54-21
c41b5cc6-149d-4827-96fd-95a3d59fefe1,63073,Белов Кондрат Владленович,Белов Кондрат Владленович,Lohethereb,+7(495)578-29-86
4bbd991f-b53d-4209-bff2-c74436cdb785,7428,ВладимировИгорьДмитрьевич,ВладимировИгорьДмитрьевич,Bren,+7(495)954-23-21
e97df694-450a-43e8-a50e-d01f301bcf87,34002,Воробьёв Вилен Федосеевич,Воробьёв Вилен Федосеевич,Manicor,+7(495)140-34-66
bb25948a-3cad-41c3-9f32-dbebc200d904,35277,Емельянов Донат Станиславович,Емельянов Донат Станиславович,Garli,+7(495)353-88-26
a494acd0-95fa-42b4-b0b3-060ea41cf674,23306,Зиновьев Ростислав Георгиевич,Зиновьев Ростислав Георгиевич,Elinfousar,+7(495)945-76-49
bf28b25a-e03f-4eb5-ac09-fe79dcf8db4b,37803,Киселёв Адольф Богуславович,Киселёв Адольф Богуславович,Sakisepito,+7(495)301-23-87
a300ab7b-7ec0-4ba0-86a0-46bb07811b5a,31893,Комаров Георгий Павлович,Комаров Георгий Павлович,Aneitawra,+7(495)118-90-21
1f4db7a7-65c8-4c09-98a6-88aae795610f,6429,Ларионов Венедикт Георгьевич,Ларионов Венедикт Георгьевич,Kashi,+7(495)624-11-54
0e9c82c8-712f-4766-a8ef-6fbf3071abb8,16257,Логинов Платон Богданович,Логинов Платон Богданович,Giandenn,+7(495)169-07-88
272ab878-c8b9-407e-8b76-21c42ee975c4,18520,Мухин Егор Натанович,Мухин Егор Натанович,Dinjeferej,+7(495)516-77-18
8eaa6fcb-c746-4ee4-af03-ab6ac4954ce5,36913,Орехов Ярослав Мартынович,Орехов Ярослав Мартынович,Liagothad,+7(495)165-26-29
1a6815f3-5a41-48b8-b651-ea66aa47c8aa,6784,Пономарёв Рудольф Эдуардович,Пономарёв Рудольф Эдуардович,Reharish,+7(495)762-09-44
39c0afa5-cb69-4c5a-b65b-24ff2b63baea,54874,Рыбаков Терентий Юрьевич,Рыбаков Терентий Юрьевич,Hans,+7(495)527-35-73
9053e4f9-5b90-4a8f-9ef4-6a14e1d03cf4,6107,Яковлев Назарий Аркадьевич,Яковлев Назарий Аркадьевич,Uannovive,+7(495)977-09-90
